CustomerID;CustomerName;Segment;Country;City;State;PostalCode;Region
12520;Claire Gute;Consumer;United States;Henderson;Kentucky;424200;South
13045;Darrin Van Huff;Corporate;United States;Los Angeles;California;900360;West
20335;Sean O'Donnell;Consumer;United States;Fort Lauderdale;Florida;333110;South
11710;Brosina Hoffman;Consumer;United States;Los Angeles;California;900320;West
10480;Andrew Allen;Consumer;United States;Concord;North Carolina;280270;South
15070;Irene Maddox;Consumer;United States;Seattle;Washington;981030;West
14815;Harold Pawlan;Home Office;United States;Fort Worth;Texas;761060;Central
19075;Pete Kriz;Consumer;United States;Madison;Wisconsin;537110;Central
10270;Alejandro Grove;Consumer;United States;West Jordan;Utah;840840;West
21925;Zuschuss Donatelli;Consumer;United States;San Francisco;California;941090;West
16585;Ken Black;Corporate;United States;Fremont;Nebraska;680250;Central
20065;Sandra Flanagan;Consumer;United States;Philadelphia;Pennsylvania;191400;East
13870;Emily Burns;Consumer;United States;Orem;Utah;840570;West
13945;Eric Hoffmann;Consumer;United States;Los Angeles;California;900490;West
21520;Tracy Blumstein;Consumer;United States;Philadelphia;Pennsylvania;191400;East
17560;Matt Abelman;Home Office;United States;Houston;Texas;770950;Central
14485;Gene Hale;Corporate;United States;Richardson;Texas;750800;Central
20710;Steve Nguyen;Home Office;United States;Houston;Texas;770410;Central
16930;Linda Cazamias;Corporate;United States;Naperville;Illinois;605400;Central
19885;Ruben Ausman;Corporate;United States;Los Angeles;California;900490;West
14080;Erin Smith;Corporate;United States;Melbourne;Florida;329350;South
18715;Odella Nelson;Corporate;United States;Eagan;Minnesota;551220;Central
18865;Patrick O'Donnell;Consumer;United States;Westland;Michigan;481850;Central
16900;Lena Hernandez;Consumer;United States;Dover;Delaware;199010;East
13000;Darren Powers;Consumer;United States;New Albany;Indiana;471500;Central
15265;Janet Molinari;Corporate;United States;New York City;New York;100240;East
21055;Ted Butterfield;Consumer;United States;Troy;New York;121800;East
16720;Kunst Miller;Consumer;United States;Los Angeles;California;900040;West
18970;Paul Stevenson;Home Office;United States;Chicago;Illinois;606100;Central
11590;Brendan Sweed;Corporate;United States;Gilbert;Arizona;852340;West
16270;Karen Daniels;Consumer;United States;Springfield;Virginia;221530;South
14980;Henry MacAllister;Consumer;United States;New York City;New York;100090;East
15745;Joel Eaton;Consumer;United States;Memphis;Tennessee;381090;South
16600;Ken Brennan;Corporate;United States;Houston;Texas;770410;Central
20770;Stewart Carmichael;Corporate;United States;Decatur;Alabama;356010;South
13690;Duane Noonan;Consumer;United States;San Francisco;California;941220;West
16105;Julie Creighton;Corporate;United States;Durham;North Carolina;277070;South
12400;Christopher Schild;Home Office;United States;Chicago;Illinois;606230;Central
18895;Paul Gonzalez;Consumer;United States;Rochester;Minnesota;559010;Central
14455;Gary Mitchum;Home Office;United States;Houston;Texas;770950;Central
15685;Jim Sink;Corporate;United States;Los Angeles;California;900360;West
16315;Karl Braun;Consumer;United States;Minneapolis;Minnesota;554070;Central
19705;Roger Barcio;Home Office;United States;Portland;Oregon;972060;West
18775;Parhena Norris;Home Office;United States;New York City;New York;100090;East
16345;Katherine Ducich;Consumer;United States;San Francisco;California;941220;West
13855;Elpida Rittenbach;Corporate;United States;Saint Paul;Minnesota;551060;Central
19465;Rick Bensley;Home Office;United States;Chicago;Illinois;606100;Central
14470;Gary Zandusky;Consumer;United States;Rochester;Minnesota;559010;Central
16870;Lena Cacioppo;Consumer;United States;Aurora;Colorado;800130;West
15250;Janet Martin;Consumer;United States;Charlotte;North Carolina;282050;South
19060;Pete Armstrong;Home Office;United States;Orland Park;Illinois;604620;Central
12805;Cynthia Voltz;Corporate;United States;New York City;New York;100350;East
12565;Clay Ludtke;Consumer;United States;Urbandale;Iowa;503220;Central
19960;Ryan Crowe;Consumer;United States;Columbus;Ohio;432290;East
13090;Dave Kipp;Consumer;United States;Seattle;Washington;981030;West
14650;Greg Guthrie;Corporate;United States;Bristol;Tennessee;376200;South
20725;Steven Cartwright;Consumer;United States;Wilmington;Delaware;198050;East
10180;Alan Dominguez;Home Office;United States;Houston;Texas;770410;Central
19165;Philip Fox;Consumer;United States;Bloomington;Illinois;617010;Central
21610;Troy Staebel;Consumer;United States;Phoenix;Arizona;850230;West
16975;Lindsay Shagiari;Home Office;United States;Los Angeles;California;900040;West
13585;Dorothy Wardle;Corporate;United States;Columbus;Ohio;432290;East
16885;Lena Creighton;Consumer;United States;Roseville;California;956610;West
15895;Jonathan Doherty;Corporate;United States;Philadelphia;Pennsylvania;191400;East
19975;Sally Hughsby;Corporate;United States;San Francisco;California;941220;West
20080;Sandra Glassco;Consumer;United States;Independence;Missouri;640550;Central
14920;Helen Andreada;Consumer;United States;Pasadena;California;911040;West
17680;Maureen Gastineau;Home Office;United States;Newark;Ohio;430550;East
16165;Justin Ellison;Corporate;United States;Franklin;Wisconsin;531320;Central
21025;Tamara Willingham;Home Office;United States;Scottsdale;Arizona;852540;West
20650;Stephanie Phelps;Corporate;United States;San Jose;California;951230;West
18490;Neil Knudson;Home Office;United States;Seattle;Washington;981050;West
13060;Dave Brooks;Consumer;United States;Seattle;Washington;981150;West
18670;Nora Paige;Consumer;United States;Edmond;Oklahoma;730340;Central
21070;Ted Trevino;Consumer;United States;Los Angeles;California;900450;West
13960;Eric Murdock;Consumer;United States;Philadelphia;Pennsylvania;191340;East
19900;Ruben Dartt;Consumer;United States;Carlsbad;New Mexico;882200;West
17740;Max Jones;Consumer;United States;Seattle;Washington;981150;West
11140;Becky Martin;Consumer;United States;San Antonio;Texas;782070;Central
12130;Chad Sievert;Consumer;United States;Los Angeles;California;900040;West
15400;Jennifer Braxton;Corporate;United States;Chicago;Illinois;606230;Central
20500;Shirley Jackson;Consumer;United States;Houston;Texas;770360;Central
15640;Jim Kriz;Home Office;United States;New York City;New York;100090;East
13150;David Kendrick;Corporate;United States;Decatur;Illinois;625210;Central
19675;Robert Marley;Home Office;United States;Monroe;Louisiana;712030;South
19990;Sally Knutson;Consumer;United States;Fairfield;Connecticut;68240;East
14290;Frank Merwin;Home Office;United States;Los Angeles;California;900320;West
10360;Alice McCarthy;Corporate;United States;Grand Prairie;Texas;750510;Central
17470;Mark Packer;Home Office;United States;New York City;New York;100350;East
17515;Mary Zewe;Corporate;United States;Redlands;California;923740;West
12025;Cassandra Brandow;Consumer;United States;Hamilton;Ohio;450110;East
21685;Valerie Mitchum;Home Office;United States;Westfield;New Jersey;70900;East
14365;Fred Hopkins;Corporate;United States;Philadelphia;Pennsylvania;191200;East
17305;Maria Bertelson;Consumer;United States;Akron;Ohio;443120;East
11755;Bruce Stewart;Consumer;United States;Denver;Colorado;802190;West
17140;Logan Currie;Consumer;United States;Dallas;Texas;752200;Central
14890;Heather Kirkland;Corporate;United States;Franklin;Tennessee;370640;South
16810;Laurel Elliston;Consumer;United States;Whittier;California;906040;West
15985;Joseph Holt;Consumer;United States;Saginaw;Michigan;486010;Central
17980;Michael Stewart;Corporate;United States;Dallas;Texas;752200;Central
21775;Victoria Wilson;Corporate;United States;Medina;Ohio;442560;East
15910;Jonathan Howell;Consumer;United States;Los Angeles;California;900320;West
15925;Joni Blumstein;Consumer;United States;Dublin;Ohio;430170;East
13180;David Smith;Corporate;United States;Detroit;Michigan;482270;Central
21670;Valerie Dominguez;Consumer;United States;Columbia;Tennessee;384010;South
14035;Erin Ashbrook;Corporate;United States;Charlotte;North Carolina;282050;South
13120;David Bremer;Corporate;United States;Santa Clara;California;950510;West
16645;Ken Lonsdale;Consumer;United States;Chicago;Illinois;606100;Central
13480;Dianna Wilson;Home Office;United States;Lakeville;Minnesota;550440;Central
17155;Logan Haushalter;Consumer;United States;San Francisco;California;941090;West
16540;Kelly Collister;Consumer;United States;San Diego;California;920370;West
13315;Delfina Latchford;Consumer;United States;New York City;New York;100240;East
12880;Dan Reichenbach;Corporate;United States;Chicago;Illinois;606230;Central
12670;Craig Carreira;Consumer;United States;New York City;New York;100090;East
13600;Dorris liebe;Corporate;United States;Pasadena;Texas;775060;Central
20290;Sean Braxton;Corporate;United States;Houston;Texas;770360;Central
19825;Roy Collins;Consumer;United States;Chicago;Illinois;606100;Central
10210;Alan Hwang;Consumer;United States;Brentwood;California;945130;West
12535;Claudia Bergmann;Corporate;United States;Chapel Hill;North Carolina;275140;South
12310;Christine Abelman;Corporate;United States;Cincinnati;Ohio;452310;East
16690;Kristen Hastings;Corporate;United States;San Francisco;California;941100;West
10990;Barry Blumstein;Corporate;United States;Inglewood;California;903010;West
10495;Andrew Gjertsen;Corporate;United States;Philadelphia;Pennsylvania;191400;East
15280;Jas O'Carroll;Consumer;United States;Los Angeles;California;900040;West
10195;Alan Haines;Corporate;United States;Tamarac;Florida;333190;South
18565;Nick Zandusky;Home Office;United States;Columbus;Ohio;432290;East
16555;Kelly Lampkin;Corporate;United States;Colorado Springs;Colorado;809060;West
10225;Alan Schoenberger;Corporate;United States;New York City;New York;100240;East
12625;Corey Roper;Home Office;United States;Lakewood;New Jersey;87010;East
20395;Shahid Hopkins;Consumer;United States;Arlington;Virginia;222040;South
11185;Ben Peterman;Corporate;United States;Arvada;Colorado;800040;West
21205;Thomas Seio;Corporate;United States;Hackensack;New Jersey;76010;East
10525;Andy Gerbode;Corporate;United States;Saint Petersburg;Florida;337100;South
20860;Sung Pak;Corporate;United States;Philadelphia;Pennsylvania;191430;East
18445;Nathan Mautz;Home Office;United States;New York City;New York;100240;East
14230;Frank Atkinson;Corporate;United States;Long Beach;California;908050;West
14620;Grace Kelly;Corporate;United States;Hesperia;California;923450;West
13510;Don Jones;Corporate;United States;Murfreesboro;Tennessee;371300;South
18850;Patrick O'Brill;Consumer;United States;Philadelphia;Pennsylvania;191430;East
15850;John Lucas;Consumer;United States;Philadelphia;Pennsylvania;191340;East
13615;Doug Bickford;Consumer;United States;Los Angeles;California;900450;West
10420;Alyssa Crouse;Corporate;United States;San Francisco;California;941220;West
12550;Clay Cheatham;Consumer;United States;San Francisco;California;941220;West
20995;Tamara Dahlen;Consumer;United States;Lowell;Massachusetts;18520;East
10060;Adam Bellavance;Home Office;United States;New York City;New York;100090;East
15505;Jeremy Lonsdale;Consumer;United States;New York City;New York;100350;East
21745;Victoria Brennan;Corporate;United States;Columbus;Georgia;319070;South
16435;Katrina Willman;Consumer;United States;New York City;New York;100090;East
16060;Julia Dunbar;Consumer;United States;San Francisco;California;941090;West
17905;Michael Kennedy;Corporate;United States;Manchester;Connecticut;60400;East
14755;Guy Thornton;Consumer;United States;Harlingen;Texas;785500;Central
10900;Arthur Gainer;Consumer;United States;Tucson;Arizona;857050;West
18280;Muhammed MacIntyre;Corporate;United States;Quincy;Illinois;623010;Central
10405;Allen Rosenblatt;Corporate;United States;Franklin;Massachusetts;20380;East
19915;Russell Applegate;Consumer;United States;Houston;Texas;770950;Central
10285;Alejandro Savely;Corporate;United States;San Francisco;California;941090;West
16780;Laura Armstrong;Corporate;United States;Taylor;Michigan;481800;Central
13435;Denny Ordway;Consumer;United States;Pembroke Pines;Florida;330240;South
13225;Dean Katz;Corporate;United States;Philadelphia;Pennsylvania;191400;East
18430;Nathan Gelder;Consumer;United States;Cincinnati;Ohio;452310;East
18190;Mike Vittorini;Consumer;United States;New York City;New York;100090;East
15115;Jack Garza;Consumer;United States;Des Moines;Washington;981980;West
11095;Bart Pistole;Corporate;United States;Peoria;Illinois;616040;Central
21730;Victor Preis;Home Office;United States;Las Vegas;Nevada;891150;West
20140;Saphhira Shifley;Corporate;United States;Warwick;Rhode Island;28860;East
10675;Anna Gayman;Consumer;United States;Houston;Texas;770360;Central
17185;Luke Foster;Consumer;United States;Miami;Florida;331800;South
19840;Roy Französisch;Consumer;United States;New York City;New York;100240;East
16510;Keith Herrera;Consumer;United States;San Francisco;California;941100;West
16675;Kimberly Carter;Corporate;United States;Seattle;Washington;981050;West
12010;Caroline Jumper;Consumer;United States;Huntington Beach;California;926460;West
19150;Philip Brown;Consumer;United States;Los Angeles;California;900040;West
17965;Michael Paige;Corporate;United States;Lawrence;Massachusetts;18410;East
18385;Natalie Fritzler;Consumer;United States;Jackson;Mississippi;392120;South
20485;Shirley Daniels;Home Office;United States;New Rochelle;New York;108010;East
16630;Ken Heidel;Corporate;United States;San Antonio;Texas;782070;Central
19795;Ross Baird;Home Office;United States;Gastonia;North Carolina;280520;South
18160;Mike Kennedy;Consumer;United States;Jacksonville;Florida;322160;South
19180;Philisse Overcash;Home Office;United States;Chicago;Illinois;606230;Central
11545;Brenda Bowman;Corporate;United States;Houston;Texas;770700;Central
21595;Troy Blackwell;Consumer;United States;Columbus;Indiana;472010;Central
19360;Raymond Buch;Consumer;United States;Auburn;New York;130210;East
13705;Ed Braxton;Corporate;United States;Akron;Ohio;443120;East
20095;Sanjit Chand;Consumer;United States;Concord;California;945210;West
21040;Tanja Norvell;Home Office;United States;Phoenix;Arizona;850230;West
15940;Joni Sundaresam;Home Office;United States;Park Ridge;Illinois;600680;Central
17785;Maya Herman;Corporate;United States;Lindenhurst;New York;117570;East
15520;Jeremy Pistek;Consumer;United States;San Francisco;California;941100;West
15475;Jeremy Ellison;Consumer;United States;Troy;New York;121800;East
15805;John Grady;Corporate;United States;New York City;New York;100240;East
21865;Xylona Preis;Consumer;United States;San Diego;California;920240;West
14065;Erin Mull;Consumer;United States;New York City;New York;100240;East
18070;Michelle Tran;Home Office;United States;Los Angeles;California;900450;West
20830;Sue Ann Reed;Consumer;United States;Chicago;Illinois;606100;Central
11905;Carl Weiss;Home Office;United States;Huntsville;Texas;773400;Central
10960;Astrea Jones;Consumer;United States;Rochester;New York;146090;East
20590;Sonia Sunley;Consumer;United States;Seattle;Washington;981150;West
19780;Rose O'Brian;Consumer;United States;Memphis;Tennessee;381090;South
17350;Maribeth Dona;Consumer;United States;Fayetteville;Arkansas;727010;South
17380;Maribeth Yedwab;Corporate;United States;Parker;Colorado;801340;West
12385;Christopher Martinez;Consumer;United States;Atlanta;Georgia;303180;South
17245;Lynn Smith;Consumer;United States;Gladstone;Missouri;641180;Central
11515;Bradley Nguyen;Consumer;United States;Los Angeles;California;900490;West
13210;Dean Braden;Consumer;United States;Houston;Texas;770410;Central
17605;Matt Connell;Corporate;United States;Detroit;Michigan;482340;Central
11605;Brian Dahlen;Consumer;United States;Lawrence;Massachusetts;18410;East
18790;Patricia Hirasaki;Home Office;United States;Lakeland;Florida;338010;South
18145;Mike Gockenbach;Consumer;United States;Philadelphia;Pennsylvania;191340;East
16240;Karen Bern;Corporate;United States;Los Angeles;California;900360;West
15340;Jasper Cacioppo;Consumer;United States;Los Angeles;California;900320;West
19615;Rob Lucas;Consumer;United States;Montgomery;Alabama;361160;South
10375;Allen Armold;Consumer;United States;Mesa;Arizona;852040;West
13915;Emily Phan;Consumer;United States;Chicago;Illinois;606530;Central
12985;Darren Koutras;Consumer;United States;Henderson;Kentucky;424200;South
11500;Bradley Drucker;Consumer;United States;Green Bay;Wisconsin;543020;Central
17065;Liz MacKendrick;Consumer;United States;Springfield;Ohio;455030;East
10135;Adrian Shami;Home Office;United States;New York City;New York;100350;East
11320;Bill Donatelli;Consumer;United States;San Francisco;California;941100;West
14710;Greg Tran;Consumer;United States;Houston;Texas;770700;Central
10945;Ashley Jarboe;Consumer;United States;Wilmington;North Carolina;284030;South
18730;Olvera Toch;Consumer;United States;Los Angeles;California;900450;West
17080;Liz Pelletier;Consumer;United States;San Francisco;California;941100;West
12775;Cynthia Arntzen;Consumer;United States;Tampa;Florida;336140;South
15490;Jeremy Farry;Consumer;United States;Seattle;Washington;981050;West
14320;Frank Preis;Consumer;United States;Los Angeles;California;900080;West
13840;Ellis Ballard;Corporate;United States;Seattle;Washington;981050;West
15415;Jennifer Ferguson;Consumer;United States;New York City;New York;100240;East
20200;Sarah Foster;Consumer;United States;Marysville;Washington;982700;West
21640;Trudy Glocke;Consumer;United States;Long Beach;California;908050;West
11950;Carlos Soltero;Consumer;United States;Chicago;Illinois;606100;Central
12145;Charles Crestani;Consumer;United States;Los Angeles;California;900040;West
13465;Dianna Vittorini;Consumer;United States;Denver;Colorado;802190;West
11725;Bruce Degenhardt;Consumer;United States;Richmond;Kentucky;404750;South
21910;Zuschuss Carroll;Consumer;United States;Salem;Oregon;973010;West
17830;Melanie Seite;Consumer;United States;Laredo;Texas;780410;Central
16915;Lena Radford;Consumer;United States;San Diego;California;920240;West
21130;Theone Pippenger;Consumer;United States;Philadelphia;Pennsylvania;191340;East
12205;Chloris Kastensmidt;Consumer;United States;Philadelphia;Pennsylvania;191200;East
10240;Alan Shonely;Consumer;United States;Tampa;Florida;336140;South
10510;Andrew Roberts;Consumer;United States;Philadelphia;Pennsylvania;191340;East
18655;Nona Balk;Corporate;United States;Dallas;Texas;752170;Central
14590;Giulietta Dortch;Corporate;United States;Philadelphia;Pennsylvania;191430;East
12595;Clytie Kelty;Consumer;United States;Grove City;Ohio;431230;East
18355;Nat Gilpin;Corporate;United States;New York City;New York;100110;East
12265;Christina Anderson;Consumer;United States;Chicago;Illinois;606100;Central
20965;Sylvia Foulston;Corporate;United States;Dearborn;Michigan;481260;Central
17800;Meg O'Connel;Home Office;United States;New York City;New York;100090;East
10735;Annie Thurman;Consumer;United States;Seattle;Washington;981150;West
14380;Fred McMath;Consumer;United States;Aurora;Colorado;800130;West
13420;Denny Joy;Corporate;United States;Warner Robins;Georgia;310880;South
17725;Max Engle;Consumer;United States;Aurora;Colorado;800130;West
16150;Justin Deggeller;Corporate;United States;Minneapolis;Minnesota;554070;Central
15835;John Lee;Consumer;United States;Mission Viejo;California;926910;West
20305;Sean Christensen;Consumer;United States;Rochester Hills;Michigan;483070;Central
12430;Chuck Clark;Home Office;United States;Columbus;Indiana;472010;Central
10825;Anthony Rawles;Corporate;United States;Vancouver;Washington;986610;West
20740;Steven Roelle;Home Office;United States;New York City;New York;100240;East
12730;Craig Reiter;Consumer;United States;Columbus;Ohio;432290;East
14125;Eugene Hildebrand;Home Office;United States;Aurora;Illinois;605050;Central
20545;Sibella Parks;Corporate;United States;New York City;New York;100110;East
21235;Tiffany House;Corporate;United States;Dallas;Texas;750810;Central
19390;Resi Pölking;Consumer;United States;Cleveland;Ohio;441050;East
19570;Rob Beeghly;Consumer;United States;Columbus;Indiana;472010;Central
11980;Carol Darley;Consumer;United States;Tyler;Texas;757010;Central
13630;Doug Jacobs;Consumer;United States;New York City;New York;100240;East
14635;Grant Thornton;Corporate;United States;Burlington;North Carolina;272170;South
17845;Michael Chen;Consumer;United States;Jackson;Mississippi;392120;South
19285;Ralph Arnett;Consumer;United States;New York City;New York;100350;East
18325;Naresj Patel;Consumer;United States;Waynesboro;Virginia;229800;South
10165;Alan Barnes;Consumer;United States;Los Angeles;California;900360;West
15550;Jesus Ocampo;Home Office;United States;Chester;Pennsylvania;190130;East
15370;Jay Kimmel;Consumer;United States;Long Beach;California;908050;West
11470;Brad Norvell;Corporate;United States;Cary;North Carolina;275110;South
13165;David Philippe;Consumer;United States;New York City;New York;100350;East
21550;Tracy Hopkins;Home Office;United States;New York City;New York;100350;East
10915;Arthur Prichep;Consumer;United States;Palm Coast;Florida;321370;South
19765;Roland Schwarz;Corporate;United States;Mount Vernon;New York;105500;East
20365;Seth Vernon;Consumer;United States;Dover;Delaware;199010;East
12325;Christine Kargatis;Home Office;United States;Orem;Utah;840570;West
19810;Ross DeVincentis;Home Office;United States;Los Angeles;California;900450;West
17545;Mathew Reese;Home Office;United States;Philadelphia;Pennsylvania;191400;East
20695;Steve Chapman;Corporate;United States;Hialeah;Florida;330120;South
15355;Jay Fein;Consumer;United States;Austin;Texas;787450;Central
13900;Emily Grady;Consumer;United States;Oceanside;New York;115720;East
13030;Darrin Sayre;Home Office;United States;Seattle;Washington;981150;West
19195;Phillina Ober;Home Office;United States;Naperville;Illinois;605400;Central
20875;Sung Shariari;Consumer;United States;Dallas;Texas;752200;Central
19105;Peter Bühler;Consumer;United States;Evanston;Illinois;602010;Central
19735;Roland Fjeld;Consumer;United States;Trenton;Michigan;481830;Central
21895;Yoseph Carroll;Corporate;United States;San Francisco;California;941100;West
13285;Debra Catini;Consumer;United States;Cottage Grove;Minnesota;550160;Central
12340;Christine Phan;Corporate;United States;New York City;New York;100090;East
11020;Barry Französisch;Corporate;United States;Green Bay;Wisconsin;543020;Central
17020;Lisa Hazard;Consumer;United States;Columbus;Ohio;432290;East
12250;Chris Selesnick;Corporate;United States;Bossier City;Louisiana;711110;South
10795;Anthony Johnson;Corporate;United States;Saint Petersburg;Florida;337100;South
11245;Benjamin Venier;Corporate;United States;Des Moines;Iowa;503150;Central
12865;Dan Lawera;Consumer;United States;Cincinnati;Ohio;452310;East
11785;Bryan Mills;Consumer;United States;Columbus;Ohio;432290;East
17110;Liz Thompson;Consumer;United States;Lancaster;California;935340;West
15730;Joe Kamberova;Consumer;United States;Asheville;North Carolina;288060;South
14020;Erica Smith;Consumer;United States;San Francisco;California;941100;West
19495;Rick Hansen;Consumer;United States;Rochester;Minnesota;559010;Central
11920;Carlos Daly;Consumer;United States;Lake Elsinore;California;925300;West
14935;Helen Wasserman;Corporate;United States;San Diego;California;921050;West
18130;Mike Caudle;Corporate;United States;Monroe;Louisiana;712030;South
14440;Gary McGarr;Consumer;United States;San Francisco;California;941220;West
19015;Pauline Johnson;Consumer;United States;Santa Ana;California;927040;West
11110;Bart Watters;Corporate;United States;Milwaukee;Wisconsin;532090;Central
21325;Toby Ritter;Consumer;United States;Belleville;New Jersey;71090;East
18820;Patrick Gardner;Consumer;United States;San Francisco;California;941100;West
15175;James Lanier;Home Office;United States;Columbia;Tennessee;384010;South
11650;Brian Moss;Corporate;United States;New York City;New York;100350;East
14095;Eudokia Martin;Corporate;United States;Los Angeles;California;900360;West
10885;Art Foster;Consumer;United States;Louisville;Kentucky;402140;South
14725;Guy Armstrong;Consumer;United States;Lorain;Ohio;440520;East
12760;Cyma Kinney;Corporate;United States;Linden;New Jersey;70360;East
13105;Dave Poirier;Corporate;United States;Salinas;California;939050;West
11260;Berenike Kampe;Consumer;United States;New York City;New York;100350;East
20125;Sanjit Jacobs;Home Office;United States;New Brunswick;New Jersey;89010;East
12445;Chuck Magee;Consumer;United States;San Francisco;California;941220;West
10780;Anthony Jacobs;Corporate;United States;Springfield;Virginia;221530;South
16945;Linda Southworth;Corporate;United States;Philadelphia;Pennsylvania;191400;East
14740;Guy Phonely;Corporate;United States;Lancaster;Pennsylvania;176020;East
18910;Paul Knutson;Home Office;United States;Philadelphia;Pennsylvania;191430;East
20005;Sally Matthias;Consumer;United States;New York City;New York;100090;East
10765;Anthony Garverick;Home Office;United States;Philadelphia;Pennsylvania;191200;East
19135;Peter McVee;Home Office;United States;Detroit;Michigan;482270;Central
16840;Lauren Leatherbury;Consumer;United States;Rochester;New York;146090;East
15595;Jill Stevenson;Corporate;United States;Los Angeles;California;900450;West
13735;Ed Ludwig;Home Office;United States;Columbia;Maryland;210440;East
18745;Pamela Coakley;Corporate;United States;San Francisco;California;941220;West
15040;Hunter Lopez;Consumer;United States;Houston;Texas;770950;Central
17365;Maribeth Schnelling;Consumer;United States;Detroit;Michigan;482270;Central
14530;George Bell;Corporate;United States;Auburn;New York;130210;East
16210;Justin Ritter;Corporate;United States;Springfield;Ohio;455030;East
11335;Bill Eplett;Home Office;United States;Jackson;Michigan;492010;Central
20050;Sample Company A;Home Office;United States;Norwich;Connecticut;63600;East
19630;Rob Williams;Corporate;United States;Dallas;Texas;752200;Central
20110;Sanjit Engle;Consumer;United States;New York City;New York;100090;East
10075;Adam Hart;Corporate;United States;New York City;New York;100110;East
15535;Jessica Myrick;Consumer;United States;Philadelphia;Pennsylvania;191430;East
15760;Joel Jenkins;Home Office;United States;Springfield;Virginia;221530;South
19300;Ralph Kennedy;Consumer;United States;Philadelphia;Pennsylvania;191400;East
12040;Catherine Glotzbach;Home Office;United States;Philadelphia;Pennsylvania;191200;East
19270;Rachel Payne;Corporate;United States;Riverside;California;925030;West
16255;Karen Carlisle;Corporate;United States;San Francisco;California;941100;West
16360;Katherine Hughes;Consumer;United States;Philadelphia;Pennsylvania;191430;East
14665;Greg Hansen;Consumer;United States;Round Rock;Texas;786640;Central
20275;Scott Williamson;Consumer;United States;Jackson;Mississippi;392120;South
15970;Joseph Airdo;Consumer;United States;Phoenix;Arizona;850230;West
12925;Daniel Lacy;Consumer;United States;Oceanside;California;920540;West
16990;Lindsay Williams;Corporate;United States;San Francisco;California;941100;West
21190;Thomas Brumley;Home Office;United States;Fayetteville;Arkansas;727010;South
11800;Bryan Spruell;Home Office;United States;New York City;New York;100110;East
19690;Robert Waldorf;Consumer;United States;Wilmington;North Carolina;284030;South
21580;Tracy Zic;Consumer;United States;Louisville;Colorado;800270;West
10630;Ann Steele;Home Office;United States;Pasadena;Texas;775060;Central
21340;Toby Swindell;Consumer;United States;Houston;Texas;770410;Central
20155;Sara Luxemburg;Home Office;United States;Jacksonville;Florida;322160;South
18235;Mitch Willingham;Corporate;United States;Virginia Beach;Virginia;234640;South
19585;Rob Dowd;Consumer;United States;Henderson;Kentucky;424200;South
19945;Ryan Akin;Consumer;United States;Murrieta;California;925630;West
17815;Meg Tillman;Consumer;United States;Scottsdale;Arizona;852540;West
21790;Vivek Gonzalez;Consumer;United States;San Diego;California;920370;West
15880;John Stevenson;Consumer;United States;Seattle;Washington;981030;West
16225;Kalyca Meade;Corporate;United States;New York City;New York;100110;East
14770;Hallie Redmond;Home Office;United States;Los Angeles;California;900450;West
13255;Deanra Eno;Home Office;United States;Springfield;Ohio;455030;East
10390;Allen Goldenen;Consumer;United States;Cincinnati;Ohio;452310;East
15445;Jennifer Jackson;Consumer;United States;Los Angeles;California;900040;West
15430;Jennifer Halladay;Consumer;United States;Burlington;North Carolina;272170;South
19660;Robert Dilbeck;Home Office;United States;Saint Peters;Missouri;633760;Central
17500;Mary O'Rourke;Consumer;United States;New York City;New York;100350;East
18640;Noel Staavos;Corporate;United States;Chicago;Illinois;606100;Central
13300;Deirdre Greer;Corporate;United States;Philadelphia;Pennsylvania;191340;East
18595;Nicole Fjeld;Home Office;United States;New York City;New York;100090;East
17650;Matthew Grinstein;Home Office;United States;Philadelphia;Pennsylvania;191430;East
21160;Theresa Swint;Corporate;United States;Toledo;Ohio;436150;East
11620;Brian DeCherney;Consumer;United States;San Francisco;California;941220;West
12160;Charles McCrossin;Consumer;United States;Brownsville;Texas;785210;Central
20560;Skye Norling;Home Office;United States;Los Angeles;California;900080;West
14005;Erica Hernandez;Home Office;United States;Denver;Colorado;802190;West
14305;Frank Olsen;Consumer;United States;New York City;New York;100350;East
17710;Maurice Satty;Consumer;United States;Mesa;Arizona;852040;West
12100;Chad Cunningham;Home Office;United States;Columbus;Indiana;472010;Central
13540;Don Weiss;Consumer;United States;Seattle;Washington;981050;West
11395;Bill Tyler;Corporate;United States;Detroit;Michigan;482270;Central
12745;Craig Yedwab;Corporate;United States;Oakland;California;946010;West
11485;Brad Thomas;Home Office;United States;Clinton;Maryland;207350;East
19045;Penelope Sewall;Home Office;United States;Charlotte;North Carolina;282050;South
18985;Paul Van Hugh;Home Office;United States;San Francisco;California;941220;West
18520;Neoma Murray;Consumer;United States;Riverside;California;925030;West
13495;Dionis Lloyd;Corporate;United States;San Francisco;California;941100;West
12355;Christine Sundaresam;Consumer;United States;Roswell;Georgia;300760;South
14275;Frank Hawley;Corporate;United States;La Porte;Indiana;463500;Central
18340;Nat Carroll;Consumer;United States;Lansing;Michigan;489110;Central
10315;Alex Avila;Consumer;United States;Minneapolis;Minnesota;554070;Central
16765;Larry Tron;Consumer;United States;Escondido;California;920250;West
10720;Anne Pryor;Home Office;United States;New York City;New York;100350;East
18940;Paul MacIntyre;Consumer;United States;Jackson;Michigan;492010;Central
10435;Alyssa Tate;Home Office;United States;Los Angeles;California;900040;West
12055;Cathy Armstrong;Home Office;United States;Houston;Texas;770700;Central
14830;Harold Ryan;Corporate;United States;Seattle;Washington;981030;West
11530;Bradley Talbott;Home Office;United States;Los Angeles;California;900360;West
16750;Larry Hughes;Consumer;United States;Charlotte;North Carolina;282050;South
20755;Steven Ward;Corporate;United States;New York City;New York;100090;East
20620;Stefania Perrino;Corporate;United States;Philadelphia;Pennsylvania;191340;East
11170;Ben Ferrer;Home Office;United States;Los Angeles;California;900360;West
16480;Kean Thornton;Consumer;United States;Buffalo;New York;142150;East
11695;Brooke Gillingham;Corporate;United States;Cincinnati;Ohio;452310;East
14680;Greg Matthias;Consumer;United States;Seattle;Washington;981050;West
14155;Eva Jacobs;Consumer;United States;Gulfport;Mississippi;395030;South
18700;Nora Preis;Consumer;United States;Fresno;California;937270;West
18115;Mick Hernandez;Home Office;United States;Chester;Pennsylvania;190130;East
15700;Jocasta Rupert;Consumer;United States;Jacksonville;Florida;322160;South
20950;Suzanne McNair;Corporate;United States;Greenville;North Carolina;278340;South
12220;Chris Cortes;Consumer;United States;La Porte;Indiana;463500;Central
19225;Phillip Flathmann;Consumer;United States;San Francisco;California;941220;West
12850;Dan Campbell;Consumer;United States;Florence;Alabama;356300;South
11770;Bryan Davis;Consumer;United States;Houston;Texas;770700;Central
14500;Gene McClure;Consumer;United States;Providence;Rhode Island;29080;East
21355;Todd Boyes;Corporate;United States;New York City;New York;100090;East
16180;Justin Hirsh;Consumer;United States;Pueblo;Colorado;810010;West
13975;Erica Bern;Corporate;United States;Fairfield;California;945330;West
19255;Quincy Jones;Corporate;United States;Saint Paul;Minnesota;551060;Central
21535;Tracy Collins;Home Office;United States;Arlington;Virginia;222040;South
12460;Chuck Sachs;Consumer;United States;Columbus;Georgia;319070;South
14965;Henry Goldwyn;Corporate;United States;Los Angeles;California;900320;West
16825;Laurel Workman;Corporate;United States;Deltona;Florida;327250;South
17575;Matt Collins;Consumer;United States;Cincinnati;Ohio;452310;East
17095;Liz Preis;Consumer;United States;Murray;Kentucky;420710;South
14170;Evan Bailliet;Consumer;United States;Wilmington;North Carolina;284030;South
14545;George Zrebassa;Corporate;United States;Lawrence;Massachusetts;18410;East
12085;Cathy Prescott;Corporate;United States;Norwich;Connecticut;63600;East
14260;Frank Gastineau;Home Office;United States;San Francisco;California;941100;West
17005;Lisa DeCherney;Consumer;United States;San Francisco;California;941090;West
10255;Alejandro Ballentine;Home Office;United States;Lorain;Ohio;440520;East
17935;Michael Nguyen;Consumer;United States;Dallas;Texas;752200;Central
15670;Jim Radford;Consumer;United States;Middletown;Connecticut;64570;East
15190;Jamie Frazer;Consumer;United States;Los Angeles;California;900080;West
12115;Chad McGuire;Consumer;United States;New York City;New York;100110;East
10045;Aaron Smayling;Corporate;United States;Jacksonville;North Carolina;285400;South
11290;Beth Paige;Consumer;United States;Evanston;Illinois;602010;Central
18370;Natalie DeCherney;Consumer;United States;Louisville;Kentucky;402140;South
16735;Larry Blacks;Consumer;United States;Fort Worth;Texas;761060;Central
16465;Kean Takahito;Consumer;United States;Los Angeles;California;900490;West
14860;Harry Marie;Corporate;United States;Philadelphia;Pennsylvania;191200;East
10600;Ann Blume;Corporate;United States;Tucson;Arizona;857050;West
20035;Sam Zeldin;Home Office;United States;Pico Rivera;California;906600;West
17890;Michael Granlund;Home Office;United States;Clinton;Maryland;207350;East
16120;Julie Kriz;Home Office;United States;Aurora;Illinois;605050;Central
18955;Paul Prost;Home Office;United States;Smyrna;Georgia;300800;South
21880;Yana Sorensen;Corporate;United States;Burlington;North Carolina;272170;South
16375;Katherine Murray;Home Office;United States;Salem;Virginia;241530;South
10105;Adrian Barton;Consumer;United States;Phoenix;Arizona;850230;West
14905;Helen Abelman;Consumer;United States;New York City;New York;100240;East
11305;Beth Thompson;Home Office;United States;Costa Mesa;California;926270;West
20815;Stuart Van;Corporate;United States;Houston;Texas;770410;Central
19540;Rick Wilson;Corporate;United States;Mesa;Arizona;852040;West
12835;Damala Kotsonis;Corporate;United States;Salinas;California;939050;West
20530;Shui Tom;Consumer;United States;Parma;Ohio;441340;East
17920;Michael Moore;Consumer;United States;San Francisco;California;941100;West
19030;Pauline Webber;Corporate;United States;Richmond;Kentucky;404750;South
20440;Shaun Chance;Corporate;United States;Aurora;Colorado;800130;West
21085;Thais Sissman;Consumer;United States;Phoenix;Arizona;850230;West
17425;Mark Cousins;Corporate;United States;Mobile;Alabama;366080;South
17320;Maria Etezadi;Home Office;United States;Columbus;Georgia;319070;South
18610;Nicole Hansen;Corporate;United States;Irving;Texas;750610;Central
18085;Mick Brown;Consumer;United States;Vineland;New Jersey;83600;East
16495;Keith Dawkins;Corporate;United States;New York City;New York;100090;East
16390;Katherine Nockton;Corporate;United States;Los Angeles;California;900040;West
18685;Nora Pelletier;Home Office;United States;Niagara Falls;New York;143040;East
12505;Cindy Stewart;Consumer;United States;Thomasville;North Carolina;273600;South
17770;Maxwell Schwartz;Consumer;United States;New York City;New York;100350;East
12655;Corinna Mitchell;Home Office;United States;Los Angeles;California;900080;West
12640;Corey-Lock;Consumer;United States;Philadelphia;Pennsylvania;191430;East
21370;Todd Sumrall;Corporate;United States;New York City;New York;100350;East
15220;Jane Waco;Corporate;United States;Vancouver;Washington;986610;West
15790;John Dryer;Consumer;United States;Coppell;Texas;750190;Central
19000;Pauline Chand;Home Office;United States;Los Angeles;California;900040;West
10540;Andy Reiter;Consumer;United States;New York City;New York;100240;East
10855;Arianne Irving;Consumer;United States;Philadelphia;Pennsylvania;191200;East
21400;Tom Boeckenhauer;Consumer;United States;Seattle;Washington;981050;West
18925;Paul Lucas;Home Office;United States;Chicago;Illinois;606100;Central
14425;Gary Hwang;Consumer;United States;Tucson;Arizona;857050;West
18175;Mike Pelletier;Home Office;United States;Laguna Niguel;California;926770;West
15655;Jim Mitchum;Corporate;United States;Bridgeton;New Jersey;83020;East
11890;Carl Ludwig;Consumer;United States;Everett;Massachusetts;21490;East
13270;Deborah Brumfield;Home Office;United States;San Diego;California;920240;West
15085;Ivan Gibson;Consumer;United States;San Diego;California;920240;West
11425;Bobby Odegard;Consumer;United States;Richmond;Kentucky;404750;South
10150;Aimee Bixby;Consumer;United States;Long Beach;New York;115610;East
16075;Julia West;Consumer;United States;Philadelphia;Pennsylvania;191400;East
13750;Edward Becker;Corporate;United States;Seattle;Washington;981030;West
20470;Sheri Gordon;Consumer;United States;New York City;New York;100110;East
12190;Charlotte Melton;Consumer;United States;Philadelphia;Pennsylvania;191340;East
10840;Anthony Witt;Consumer;United States;Allen;Texas;750020;Central
18100;Mick Crebagga;Consumer;United States;El Paso;Texas;799070;Central
21460;Tonja Turnell;Home Office;United States;Aurora;Illinois;605050;Central
21805;Vivek Grady;Corporate;United States;Virginia Beach;Virginia;234640;South
18295;Muhammed Yedwab;Corporate;United States;Grapevine;Texas;760510;Central
19480;Rick Duston;Consumer;United States;Olympia;Washington;985020;West
13390;Dennis Pardue;Home Office;United States;Peoria;Illinois;616040;Central
17395;Marina Lichtenstein;Corporate;United States;Los Angeles;California;900080;West
15385;Jenna Caffey;Consumer;United States;Kent;Washington;980310;West
15160;James Galang;Consumer;United States;Los Angeles;California;900490;West
17275;Marc Crier;Consumer;United States;Lafayette;Louisiana;705060;South
18400;Natalie Webber;Consumer;United States;Tigard;Oregon;972240;West
21280;Toby Braunhardt;Consumer;United States;Washington;District of Columbia;200160;East
11380;Bill Stewart;Corporate;United States;Skokie;Illinois;600760;Central
15010;Hilary Holden;Corporate;United States;San Francisco;California;941100;West
12280;Christina DeMoss;Consumer;United States;Seattle;Washington;981050;West
21100;Thea Hendricks;Consumer;United States;Los Angeles;California;900450;West
18055;Michelle Moray;Consumer;United States;Seattle;Washington;981150;West
18505;Neola Schneider;Consumer;United States;Dallas;Texas;752170;Central
19645;Robert Barroso;Corporate;United States;North Las Vegas;Nevada;890310;West
20455;Shaun Weien;Consumer;United States;Suffolk;Virginia;234340;South
13930;Eric Barreto;Consumer;United States;San Francisco;California;941100;West
18760;Pamela Stobb;Consumer;United States;Los Angeles;California;900080;West
14995;Herbert Flentye;Consumer;United States;Indianapolis;Indiana;462030;Central
14950;Henia Zydlo;Consumer;United States;Columbus;Ohio;432290;East
12790;Cynthia Delaney;Home Office;United States;San Diego;California;920370;West
15205;Jamie Kunitz;Consumer;United States;San Francisco;California;941220;West
14215;Filia McAdams;Corporate;United States;Dublin;Ohio;430170;East
13885;Emily Ducich;Home Office;United States;San Diego;California;920370;West
13450;Dianna Arnett;Home Office;United States;Houston;Texas;770950;Central
15955;Joni Wasserman;Consumer;United States;Oakland;California;946010;West
19375;Raymond Messe;Consumer;United States;Houston;Texas;770950;Central
17755;Max Ludwig;Home Office;United States;Suffolk;Virginia;234340;South
12685;Craig Carroll;Consumer;United States;Greensboro;North Carolina;274050;South
15610;Jim Epp;Corporate;United States;Milwaukee;Wisconsin;532090;Central
19855;Roy Phan;Corporate;United States;Kenosha;Wisconsin;531420;Central
21175;Thomas Boland;Corporate;United States;Houston;Texas;770410;Central
11455;Brad Eason;Home Office;United States;Olathe;Kansas;660620;Central
15565;Jill Fjeld;Consumer;United States;Dallas;Texas;750810;Central
19210;Phillip Breyer;Corporate;United States;Tulsa;Oklahoma;741330;Central
11680;Brian Thompson;Consumer;United States;Newark;Ohio;430550;East
15235;Janet Lee;Consumer;United States;Chicago;Illinois;606230;Central
12070;Cathy Hwang;Home Office;United States;Raleigh;North Carolina;276040;South
18460;Neil Ducich;Corporate;United States;Macon;Georgia;312040;South
10975;Barbara Fisher;Corporate;United States;Charlotte;North Carolina;282050;South
16330;Katharine Harms;Corporate;United States;Bowling Green;Kentucky;421040;South
14605;Giulietta Weimer;Consumer;United States;Seattle;Washington;981150;West
18625;Noah Childs;Corporate;United States;Aurora;Colorado;800130;West
18010;Michelle Ellison;Corporate;United States;San Francisco;California;941220;West
11230;Benjamin Patterson;Consumer;United States;Spokane;Washington;992070;West
15775;John Castell;Consumer;United States;San Antonio;Texas;782070;Central
10090;Adam Shillingsburg;Consumer;United States;Charlottesville;Virginia;229010;South
10450;Amy Cox;Consumer;United States;Minneapolis;Minnesota;554070;Central
17860;Michael Dominguez;Corporate;United States;Indianapolis;Indiana;462030;Central
13660;Duane Benoit;Consumer;United States;Oceanside;New York;115720;East
13990;Erica Hackney;Consumer;United States;Roswell;Georgia;300760;South
13765;Edward Hooks;Corporate;United States;Watertown;New York;136010;East
20230;Scot Coram;Corporate;United States;Arlington;Texas;760170;Central
15715;Joe Elijah;Consumer;United States;Broomfield;Colorado;800200;West
10615;Ann Chong;Corporate;United States;New York City;New York;100090;East
16015;Joy Daniels;Consumer;United States;Chicago;Illinois;606100;Central
12415;Christy Brittain;Consumer;United States;Columbus;Ohio;432290;East
16030;Joy Smith;Consumer;United States;Houston;Texas;770360;Central
17215;Luke Weiss;Consumer;United States;Pasadena;California;911040;West
20800;Stuart Calhoun;Consumer;United States;Houston;Texas;770410;Central
10705;Anne McFarland;Consumer;United States;Auburn;Alabama;368300;South
19510;Rick Huthwaite;Home Office;United States;Providence;Rhode Island;29080;East
11995;Carol Triggs;Consumer;United States;Rochester;Minnesota;559010;Central
17590;Matt Collister;Corporate;United States;Perth Amboy;New Jersey;88610;East
12610;Corey Catlett;Corporate;United States;Philadelphia;Pennsylvania;191340;East
16525;Kelly Andreada;Consumer;United States;Ontario;California;917610;West
20980;Tamara Chand;Corporate;United States;Seattle;Washington;981050;West
11080;Bart Folk;Consumer;United States;Baltimore;Maryland;212150;East
17260;Magdelene Morse;Consumer;United States;Wilmington;Delaware;198050;East
10120;Adrian Hane;Home Office;United States;Tucson;Arizona;857050;West
11200;Ben Wallace;Consumer;United States;Boynton Beach;Florida;334370;South
20245;Scot Wooten;Consumer;United States;Stockton;California;952070;West
11665;Brian Stugart;Consumer;United States;Philadelphia;Pennsylvania;191430;East
19345;Randy Ferguson;Corporate;United States;Dover;New Hampshire;38200;East
21850;William Brown;Consumer;United States;Philadelphia;Pennsylvania;191340;East
21625;Trudy Brown;Consumer;United States;Grand Prairie;Texas;750510;Central
10870;Art Ferguson;Consumer;United States;College Station;Texas;778400;Central
19435;Richard Bierner;Consumer;United States;Saint Louis;Missouri;631160;Central
16285;Karen Ferguson;Home Office;United States;Manteca;California;953360;West
15820;John Huston;Consumer;United States;Kent;Ohio;442400;East
15100;Ivan Liston;Consumer;United States;San Francisco;California;941220;West
18805;Patrick Bzostek;Home Office;United States;Salt Lake City;Utah;841060;West
19600;Rob Haberlin;Consumer;United States;Huntsville;Alabama;358100;South
10930;Arthur Wiediger;Home Office;United States;Aurora;Illinois;605050;Central
17410;Maris LaWare;Consumer;United States;Fairfield;Connecticut;68240;East
13555;Dorothy Badders;Corporate;United States;Jacksonville;Florida;322160;South
17620;Matt Hagelstein;Corporate;United States;San Francisco;California;941100;West
13375;Dennis Kane;Consumer;United States;Marion;Ohio;433020;East
11440;Bobby Trafton;Consumer;United States;Littleton;Colorado;801220;West
13405;Denny Blanton;Consumer;United States;La Porte;Indiana;463500;Central
21310;Toby Gnade;Consumer;United States;Los Angeles;California;900490;West
11005;Barry Franz;Home Office;United States;Pasadena;California;911040;West
16195;Justin MacKendrick;Consumer;United States;Los Angeles;California;900040;West
17335;Maria Zettner;Home Office;United States;San Diego;California;920240;West
18220;Mitch Webber;Consumer;United States;New York City;New York;100350;East
17485;Mark Van Huff;Consumer;United States;Arlington;Virginia;222040;South
20320;Sean Miller;Home Office;United States;Monroe;North Carolina;281100;South
21415;Tom Prescott;Consumer;United States;Seattle;Washington;981150;West
15625;Jim Karlsson;Consumer;United States;Seattle;Washington;981150;West
18835;Patrick Jones;Corporate;United States;Murfreesboro;Tennessee;371300;South
19420;Ricardo Sperren;Corporate;United States;Seattle;Washington;981150;West
20935;Susan Vittorini;Consumer;United States;New York City;New York;100090;East
11125;Becky Castell;Home Office;United States;Peoria;Arizona;853450;West
13825;Elizabeth Moffitt;Corporate;United States;Sioux Falls;South Dakota;571030;Central
11575;Brendan Murry;Corporate;United States;New York City;New York;100350;East
16705;Kristina Nunn;Home Office;United States;Fort Collins;Colorado;805250;West
16570;Kelly Williams;Consumer;United States;Clarksville;Tennessee;370420;South
20260;Scott Cohen;Corporate;United States;San Francisco;California;941220;West
12295;Christina VanderZanden;Consumer;United States;Fresno;California;937270;West
20605;Speros Goranitis;Consumer;United States;New York City;New York;100090;East
21010;Tamara Manning;Consumer;United States;San Francisco;California;941220;West
13810;Eleni McCrary;Corporate;United States;Los Angeles;California;900360;West
18040;Michelle Lonsdale;Corporate;United States;Albuquerque;New Mexico;871050;West
12580;Clay Rozendal;Home Office;United States;Elmhurst;Illinois;601260;Central
10750;Annie Zypern;Consumer;United States;New York City;New York;100090;East
19240;Pierre Wener;Consumer;United States;Louisville;Colorado;800270;West
20380;Shahid Collister;Consumer;United States;Seattle;Washington;981150;West
11935;Carlos Meador;Consumer;United States;Fayetteville;North Carolina;283140;South
14695;Greg Maxwell;Corporate;United States;Los Angeles;California;900360;West
21250;Tim Brockman;Consumer;United States;New York City;New York;100240;East
15865;John Murray;Consumer;United States;Jamestown;New York;147010;East
20575;Sonia Cooley;Consumer;United States;Mishawaka;Indiana;465440;Central
17200;Luke Schmidt;Corporate;United States;Skokie;Illinois;600760;Central
19315;Ralph Ritter;Consumer;United States;San Francisco;California;941100;West
12910;Daniel Byrd;Home Office;United States;Tampa;Florida;336140;South
21220;Thomas Thornton;Consumer;United States;Houston;Texas;770410;Central
17170;Lori Olson;Corporate;United States;La Quinta;California;922530;West
16615;Ken Dana;Corporate;United States;Scottsdale;Arizona;852540;West
18580;Nicole Brennan;Corporate;United States;Philadelphia;Pennsylvania;191340;East
11635;Brian Derr;Consumer;United States;Bowling Green;Kentucky;421040;South
12235;Chris McAfee;Consumer;United States;Carrollton;Texas;750070;Central
13780;Edward Nazzal;Consumer;United States;New York City;New York;100350;East
16450;Kean Nguyen;Corporate;United States;Jacksonville;Florida;322160;South
11350;Bill Overfelt;Corporate;United States;Los Angeles;California;900450;West
10300;Aleksandra Gannaway;Corporate;United States;Los Angeles;California;900490;West
17635;Matthew Clasen;Corporate;United States;Saint Louis;Missouri;631160;Central
21385;Tom Ashbrook;Home Office;United States;New York City;New York;100240;East
15295;Jason Fortune-;Consumer;United States;Seattle;Washington;981030;West
21265;Tim Taslimi;Corporate;United States;Los Angeles;California;900450;West
20170;Sarah Bern;Consumer;United States;New York City;New York;100350;East
12700;Craig Leslie;Home Office;United States;Springfield;Missouri;658070;Central
15025;Hunter Glantz;Consumer;United States;Amarillo;Texas;791090;Central
18310;Nancy Lomonaco;Home Office;United States;Los Angeles;California;900450;West
19525;Rick Reed;Corporate;United States;Lowell;Massachusetts;18520;East
21295;Toby Carlisle;Consumer;United States;San Diego;California;920240;West
20785;Stewart Visinsky;Consumer;United States;Pueblo;Colorado;810010;West
11410;Bobby Elias;Consumer;United States;Lancaster;Ohio;431300;East
20680;Steve Carroll;Home Office;United States;Columbus;Georgia;319070;South
13135;David Flashing;Consumer;United States;Vallejo;California;945910;West
14350;Fred Harton;Consumer;United States;Seattle;Washington;981050;West
17530;MaryBeth Skach;Consumer;United States;San Diego;California;920370;West
19555;Ritsa Hightower;Consumer;United States;Tallahassee;Florida;323030;South
14515;George Ashbrook;Consumer;United States;San Francisco;California;941220;West
16135;Julie Prescott;Home Office;United States;Columbus;Georgia;319070;South
13240;Dean percer;Home Office;United States;Murray;Utah;841070;West
17950;Michael Oakman;Consumer;United States;Dallas;Texas;752200;Central
13330;Denise Leinenbach;Consumer;United States;Las Cruces;New Mexico;880010;West
18025;Michelle Huthwaite;Consumer;United States;Seattle;Washington;981150;West
12940;Daniel Raglin;Home Office;United States;Franklin;Massachusetts;20380;East
13015;Darrin Martin;Consumer;United States;Encinitas;California;920240;West
11965;Carol Adams;Corporate;United States;Hoover;Alabama;352440;South
10660;Anna Chung;Consumer;United States;Huntsville;Texas;773400;Central
13345;Denise Monton;Corporate;United States;Roswell;Georgia;300760;South
21715;Vicky Freymann;Home Office;United States;Columbus;Indiana;472010;Central
12370;Christopher Conant;Consumer;United States;Fayetteville;North Carolina;283140;South
11275;Beth Fritzler;Corporate;United States;Tucson;Arizona;857050;West
14845;Harry Greene;Consumer;United States;Lake Charles;Louisiana;706010;South
11155;Becky Pak;Consumer;United States;Columbus;Georgia;319070;South
14140;Eugene Moren;Home Office;United States;Glendale;Arizona;853010;West
17995;Michelle Arnett;Home Office;United States;Watertown;New York;136010;East
10555;Andy Yotov;Corporate;United States;Oceanside;California;920540;West
14575;Giulietta Baptist;Consumer;United States;Philadelphia;Pennsylvania;191340;East
16045;Julia Barnett;Home Office;United States;Columbus;Georgia;319070;South
17875;Michael Grace;Home Office;United States;New York City;New York;100110;East
20425;Sharelle Roach;Home Office;United States;Louisville;Colorado;800270;West
16000;Joy Bell-;Consumer;United States;Brownsville;Texas;785210;Central
12955;Dario Medina;Corporate;United States;Lincoln Park;Michigan;481460;Central
21475;Tony Chapman;Home Office;United States;Columbus;Georgia;319070;South
20350;Sean Wendt;Home Office;United States;Detroit;Michigan;482270;Central
19450;Richard Eichhorn;Consumer;United States;Dallas;Texas;750810;Central
11215;Benjamin Farhat;Home Office;United States;Albuquerque;New Mexico;871050;West
16405;Katrina Bavinger;Home Office;United States;Apple Valley;California;923070;West
15310;Jason Gross;Corporate;United States;Providence;Rhode Island;29080;East
14050;Erin Creighton;Consumer;United States;New York City;New York;100240;East
14110;Eugene Barchas;Consumer;United States;Philadelphia;Pennsylvania;191340;East
15460;Jennifer Patt;Corporate;United States;Oceanside;New York;115720;East
11845;Cari Sayre;Corporate;United States;Seattle;Washington;981050;West
14410;Gary Hansen;Home Office;United States;Glendale;Arizona;853010;West
19090;Pete Takahito;Consumer;United States;Houston;Texas;770700;Central
15130;Jack Lebron;Consumer;United States;Houston;Texas;770360;Central
10030;Aaron Hawkins;Corporate;United States;Philadelphia;Pennsylvania;191340;East
12475;Cindy Chapman;Consumer;United States;New York City;New York;100240;East
13195;David Wiener;Corporate;United States;Houston;Texas;770950;Central
20215;Sarah Jordon;Consumer;United States;Grand Prairie;Texas;750510;Central
11740;Bruce Geld;Consumer;United States;Philadelphia;Pennsylvania;191200;East
16795;Laurel Beltran;Home Office;United States;Highland Park;Illinois;600350;Central
11815;Candace McMahon;Corporate;United States;Pasadena;Texas;775060;Central
14185;Evan Henry;Consumer;United States;Decatur;Alabama;356010;South
21505;Tony Sayre;Consumer;United States;Columbia;Tennessee;384010;South
18880;Patrick Ryan;Consumer;United States;Oakland;California;946010;West
17050;Liz Carlisle;Consumer;United States;Mission Viejo;California;926910;West
12490;Cindy Schnelling;Corporate;United States;Conroe;Texas;773010;Central
13075;Dave Hallsten;Corporate;United States;Richmond;Kentucky;404750;South
15145;Jack O'Briant;Corporate;United States;Philadelphia;Pennsylvania;191400;East
10690;Anna Häberlin;Corporate;United States;New York City;New York;100240;East
14875;Heather Jas;Home Office;United States;Jacksonville;Florida;322160;South
17455;Mark Hamilton;Consumer;United States;Jacksonville;North Carolina;285400;South
19930;Russell D'Ascenzo;Consumer;United States;Austin;Texas;787450;Central
20020;Sam Craven;Consumer;United States;Plano;Texas;750230;Central
20665;Stephanie Ulpright;Home Office;United States;Jackson;Mississippi;392120;South
14335;Fred Chung;Corporate;United States;Mesquite;Texas;751500;Central
19330;Randy Bradley;Consumer;United States;Philadelphia;Pennsylvania;191430;East
18535;Nick Crebassa;Corporate;United States;Dallas;Texas;752170;Central
12970;Darren Budd;Corporate;United States;Los Angeles;California;900040;West
17665;Maureen Fritzler;Corporate;United States;Toledo;Ohio;436150;East
19750;Roland Murray;Consumer;United States;New York City;New York;100110;East
21835;Vivian Mathis;Consumer;United States;Newark;Delaware;197110;East
13720;Ed Jacobs;Consumer;United States;San Diego;California;920370;West
18415;Nathan Cano;Consumer;United States;Jacksonville;North Carolina;285400;South
17230;Lycoris Saunders;Consumer;United States;Dover;Delaware;199010;East
16420;Katrina Edelman;Corporate;United States;Bristol;Tennessee;376200;South
13675;Duane Huffman;Home Office;United States;Quincy;Massachusetts;21690;East
19120;Peter Fuller;Consumer;United States;Gilbert;Arizona;852340;West
21700;Valerie Takahito;Home Office;United States;Philadelphia;Pennsylvania;191430;East
17695;Maureen Gnade;Consumer;United States;Buffalo;New York;142150;East
20920;Susan Pistek;Consumer;United States;Los Angeles;California;900360;West
12175;Charles Sheldon;Corporate;United States;Columbia;Tennessee;384010;South
12895;Dana Kaydos;Consumer;United States;Kenosha;Wisconsin;531420;Central
16660;Khloe Miller;Consumer;United States;Roswell;Georgia;300760;South
10645;Anna Andreadi;Consumer;United States;Chester;Pennsylvania;190130;East
13570;Dorothy Dickinson;Consumer;United States;Houston;Texas;770410;Central
10465;Amy Hunt;Consumer;United States;New York City;New York;100350;East
21565;Tracy Poddar;Corporate;United States;Aurora;Colorado;800130;West
13795;Eileen Kiefer;Home Office;United States;Santa Ana;California;927040;West
12820;Cyra Reiten;Home Office;United States;New York City;New York;100350;East
20890;Susan Gilcrest;Corporate;United States;Mcallen;Texas;785010;Central
10585;Angele Hood;Consumer;United States;Chicago;Illinois;606230;Central
18475;Neil Französisch;Home Office;United States;Rockford;Illinois;611070;Central
11365;Bill Shonely;Corporate;United States;New York City;New York;100110;East
20635;Stefanie Holloman;Corporate;United States;Jackson;Tennessee;383010;South
19720;Roger Demir;Consumer;United States;Daytona Beach;Florida;321140;South
10330;Alex Grayson;Consumer;United States;Stockton;California;952070;West
14560;Georgia Rosenberg;Corporate;United States;San Francisco;California;941100;West
21820;Vivek Sundaresam;Consumer;United States;Los Angeles;California;900360;West
21490;Tony Molinari;Consumer;United States;Oklahoma City;Oklahoma;731200;Central
21430;Tom Stivers;Corporate;United States;Los Angeles;California;900450;West
13360;Dennis Bolton;Home Office;United States;New York City;New York;100090;East
18550;Nick Radford;Consumer;United States;Aurora;Illinois;605050;Central
11860;Cari Schnelling;Consumer;United States;Jacksonville;North Carolina;285400;South
18250;Monica Federle;Corporate;United States;Los Angeles;California;900360;West
17125;Liz Willingham;Consumer;United States;Norwich;Connecticut;63600;East
10345;Alex Russell;Corporate;United States;Lawrence;Massachusetts;18410;East
16300;Karen Seio;Corporate;United States;Lehi;Utah;840430;West
10015;Aaron Bergman;Consumer;United States;Seattle;Washington;981030;West
17035;Lisa Ryan;Corporate;United States;Philadelphia;Pennsylvania;191340;East
20410;Shahid Shariari;Consumer;United States;Los Angeles;California;900080;West
15580;Jill Matthias;Consumer;United States;Monroe;North Carolina;281100;South
15325;Jason Klamczynski;Corporate;United States;Dallas;Texas;752200;Central
13525;Don Miller;Corporate;United States;Houston;Texas;770700;Central
18265;Muhammed Lee;Consumer;United States;Seattle;Washington;981030;West
17290;Marc Harrigan;Home Office;United States;Los Angeles;California;900360;West
14245;Frank Carlisle;Home Office;United States;Lakewood;Ohio;441070;East
21115;Thea Hudgings;Corporate;United States;Philadelphia;Pennsylvania;191400;East
16090;Juliana Krohn;Consumer;United States;Omaha;Nebraska;681040;Central
20185;Sarah Brown;Consumer;United States;Concord;New Hampshire;33010;East
11035;Barry Gonzalez;Consumer;United States;Monroe;Louisiana;712030;South
11065;Barry Weirich;Consumer;United States;Raleigh;North Carolina;276040;South
18205;Mitch Gastineau;Corporate;United States;Jacksonville;Florida;322160;South
13645;Doug O'Connell;Consumer;United States;Los Angeles;California;900360;West
11050;Barry Pond;Corporate;United States;Cranston;Rhode Island;29200;East
21655;Trudy Schmidt;Consumer;United States;Milwaukee;Wisconsin;532090;Central
14200;Evan Minnotte;Home Office;United States;Virginia Beach;Virginia;234640;South
10810;Anthony O'Donnell;Corporate;United States;Los Angeles;California;900450;West
17440;Mark Haberlin;Corporate;United States;New York City;New York;100350;East
20515;Shirley Schmidt;Home Office;United States;Louisville;Kentucky;402140;South
16855;Lela Donovan;Corporate;United States;Chicago;Illinois;606530;Central
21760;Victoria Pisteka;Corporate;United States;San Francisco;California;941090;West
21145;Theresa Coyne;Corporate;United States;Lakewood;New Jersey;87010;East
15055;Ionia McGrath;Consumer;United States;Roseville;California;956610;West
10570;Anemone Ratner;Consumer;United States;Columbus;Georgia;319070;South
12715;Craig Molinari;Corporate;United States;Huntsville;Texas;773400;Central
14395;Fred Wasserman;Corporate;United States;Huntsville;Alabama;358100;South
16960;Lindsay Castell;Home Office;United States;Arlington;Virginia;222040;South
14800;Harold Engle;Corporate;United States;Chicago;Illinois;606230;Central
11560;Brendan Dodson;Home Office;United States;Fresno;California;937270;West
14785;Harold Dahlen;Home Office;United States;Philadelphia;Pennsylvania;191430;East
11875;Carl Jackson;Corporate;United States;Philadelphia;Pennsylvania;191400;East
19870;Roy Skaria;Home Office;United States;Burlington;Iowa;526010;Central
20845;Sung Chung;Consumer;United States;Arlington Heights;Illinois;600040;Central
19405;Ricardo Emerson;Consumer;United States;Kent;Ohio;442400;East
20905;Susan MacKendrick;Consumer;United States;Newark;Ohio;430550;East
